﻿File_name,Source,Event,Year,farmerID,Final_Farm,Final_Field,Notes
Larrys East_1_2016_1_1,John Deere,Yield,2016,1,Larry,Larrys East,
Larrys East_1_2016_AG3832_1,John Deere,Yield,2016,1,Larry,Larrys East,
DefaultLarrys East_2016_P34T07R2_1,FieldView,Planting,2016,1,Larry,Larrys East,
Larrys East_2016_P34T07R2_1,FieldView,Planting,2016,1,Larry,Larrys East,
Logan s60_2016_P1311AMXT_1,AgFiniti,Planting,2016,1,Logan 60,Logan S60,
"Logan s60_2016_P1311AMXT (AMXT,LL,R_1",John Deere,Yield,2016,1,Logan 60,Logan S60,
Roos_2016_DKC62-77RIB_1,AgFiniti,Planting,2016,3,Roos,Roos,
Roos_2016_DKC62-77RIB_1,AgFiniti,Yield,2016,3,Roos,Roos,
Walker East Farm_2016_AG3832_1,AgFiniti,Yield,2016,3,Walker Farm,Walker East Farm,
Walker East_2016_AG3832_1,FieldView,Planting,2016,1,Walker Farm,Walker East Farm,
