﻿productname,count,source,product,corn,soybean,company,document1,document2
1,13948,yield_point,soybean,0,1,,,
2620,7301,yield_point,corn,1,0,,,
3466,11763,yield_point,soybean,0,1,,,
4636,8264,yield_point,corn,1,0,,,
63-45 rr2,9152,planting_point,corn,1,0,,,
93Y82,9835,planting_point,soybean,0,1,,,
A3731,5903,planting_point,soybean,0,1,,,
AG 3731 untreated,2742,planting_point,soybean,0,1,Asgrow,,
AG3334,31715,planting_point,soybean,0,1,Asgrow,,
AG3536,3293,planting_point,soybean,0,1,Asgrow,,
AG3536 (RR2Y|SCN),32933,yield_point,soybean,0,1,Asgrow,,
"AG3536 (RR2Y,SCN)",32933,yield_point,soybean,0,1,Asgrow,,
AG3634,45425,planting_point,soybean,0,1,Asgrow,,
AG3832,96484,planting_point,soybean,0,1,Asgrow,,
AG3832,103212,yield_point,soybean,0,1,Asgrow,,
AG3832 (RR2Y|SCN),44723,yield_point,soybean,0,1,Asgrow,,
"AG3832 (RR2Y,SCN)",44723,yield_point,soybean,0,1,Asgrow,,
AG4135,19796,planting_point,soybean,0,1,Asgrow,,
AG4135,26629,yield_point,soybean,0,1,Asgrow,,
CORN,70356,yield_point,corn,1,0,,,
Corn DK6067,27005,yield_point,corn,1,0,Dekalb,,
Dkc-61-86 RR2,2132,planting_point,corn,1,0,Dekalb,,
DKC 61-88RIB,1258,planting_point,corn,1,0,Dekalb,,
Dkc 63-45 RR2,19453,planting_point,corn,1,0,Dekalb,,
DKC 63-97 VT4,11284,planting_point,corn,1,0,Dekalb,,
DKC58-06RIB,8371,planting_point,corn,1,0,Dekalb,,
DKC58-06RIB,5729,yield_point,corn,1,0,Dekalb,,
DKC62-08RIB,11157,planting_point,corn,1,0,Dekalb,,
DKC62-77RIB,29220,planting_point,corn,1,0,Dekalb,,
DKC62-77RIB,10383,yield_point,corn,1,0,Dekalb,,
DKC62-97RIB,28937,planting_point,corn,1,0,Dekalb,,
DKC62-97RIB,33757,yield_point,corn,1,0,Dekalb,,
DKC63-33RIB,25817,planting_point,corn,1,0,Dekalb,http://www.northernildkc.com/DKC63-33RIB.pdf,
DKC63-33RIB,55,yield_point,corn,1,0,Dekalb,http://www.northernildkc.com/DKC63-33RIB.pdf,
DKC63-71RIB,48323,planting_point,corn,1,0,Dekalb,http://www.northernildkc.com/DKC63-71RIB-1.pdf,
DKC63-71RIB,30305,yield_point,corn,1,0,Dekalb,http://www.northernildkc.com/DKC63-71RIB-1.pdf,
DKC63-71RIB (SSTX-RI,49230,yield_point,corn,1,0,Dekalb,http://www.northernildkc.com/DKC63-71RIB-1.pdf,
DKC64-87RIB,43221,planting_point,corn,1,0,Dekalb,http://www.northernildkc.com/DKC64-87RIB.pdf,
DKC64-87RIB,35241,yield_point,corn,1,0,Dekalb,http://www.northernildkc.com/DKC64-87RIB.pdf,
DKC64-87RIB (SSTX-RI,62520,yield_point,corn,1,0,Dekalb,http://www.northernildkc.com/DKC64-87RIB.pdf,
DKC66-40RIB,35537,planting_point,corn,1,0,Dekalb,,
DKC66-40RIB,27534,yield_point,corn,1,0,Dekalb,,
G07F23-3111,5484,planting_point,corn,1,0,Golden Harvest,http://performancefeedandseeds.com/pdf/golden_harvest_seed_corn/G07F23.pdf,
G07f2311-11,8718,planting_point,corn,1,0,Golden Harvest,http://performancefeedandseeds.com/pdf/golden_harvest_seed_corn/G07F23.pdf,
G09H57-3111,2946,planting_point,corn,1,0,Golden Harvest,http://performancefeedandseeds.com/pdf/golden_harvest_seed_corn/G09H57.pdf,
G10D98-3122 E-Z Refuge,2897,planting_point,corn,1,0,,,
G11u58-3122,22069,planting_point,corn,1,0,Golden Harvest,http://performancefeedandseeds.com/pdf/golden_harvest_seed_corn/G11U58.pdf,
G11u58 3122,16952,yield_point,corn,1,0,Golden Harvest,http://performancefeedandseeds.com/pdf/golden_harvest_seed_corn/G11U58.pdf,
G11U58-3122 E-Z Refuge,35608,planting_point,corn,1,0,Golden Harvest,http://performancefeedandseeds.com/pdf/golden_harvest_seed_corn/G11U58.pdf,
G11U58-3122EZR (AS-3,58774,yield_point,corn,1,0,Golden Harvest,http://performancefeedandseeds.com/pdf/golden_harvest_seed_corn/G11U58.pdf,
G11U58-GT,4391,planting_point,corn,1,0,Golden Harvest,http://performancefeedandseeds.com/pdf/golden_harvest_seed_corn/G11U58.pdf,
G12J11-3011A,8904,planting_point,corn,1,0,,,
G13U53-3122 E-Z Refuge,33223,planting_point,corn,1,0,Golden Harvest,http://performancefeedandseeds.com/pdf/golden_harvest_seed_corn/G13U53.pdf,
G13u53-3122/ qr,10385,planting_point,corn,1,0,Golden Harvest,http://performancefeedandseeds.com/pdf/golden_harvest_seed_corn/G13U53.pdf,
G13u53 3122,1588,yield_point,corn,1,0,Golden Harvest,http://performancefeedandseeds.com/pdf/golden_harvest_seed_corn/G13U53.pdf,
G13u53 no quick roots,10265,planting_point,corn,1,0,Golden Harvest,,
H-8672 3000GT,26396,planting_point,corn,1,0,Golden Harvest,http://www.lonepineagservice.com/GH%20Seed%20Guide.pdf,
H-8672GT,47859,planting_point,corn,1,0,Golden Harvest,http://www.lonepineagservice.com/GH%20Seed%20Guide.pdf,
H-8672GT3000,4920,planting_point,corn,1,0,Golden Harvest,http://www.lonepineagservice.com/GH%20Seed%20Guide.pdf,
H-8928 3111,9708,planting_point,corn,1,0,Golden Harvest,http://www.lonepineagservice.com/GH%20Seed%20Guide.pdf,
H-8940 3000GT,5696,planting_point,corn,1,0,Golden Harvest,http://www.lonepineagservice.com/GH%20Seed%20Guide.pdf,
H-8969 3111,31858,planting_point,corn,1,0,Golden Harvest,http://heasleyseeds.com/images/H-8969_Series_July_2011.pdf,http://www.lonepineagservice.com/GH%20Seed%20Guide.pdf
H-8969 3122,6482,planting_point,corn,1,0,Golden Harvest,http://heasleyseeds.com/images/H-8969_Series_July_2011.pdf,http://www.lonepineagservice.com/GH%20Seed%20Guide.pdf
H-8969GT,11196,planting_point,corn,1,0,Golden Harvest,http://heasleyseeds.com/images/H-8969_Series_July_2011.pdf,http://www.lonepineagservice.com/GH%20Seed%20Guide.pdf
H-9002 GT,6501,planting_point,corn,1,0,Golden Harvest,http://www.lonepineagservice.com/GH%20Seed%20Guide.pdf,
H-9002GT,2325,planting_point,corn,1,0,Golden Harvest,http://www.lonepineagservice.com/GH%20Seed%20Guide.pdf,
H-9011 4011,7863,planting_point,corn,1,0,Golden Harvest,http://www.heasleyseeds.com/images/RM-112%20H-9011%20-%20NEW.pdf,http://www.lonepineagservice.com/GH%20Seed%20Guide.pdf
H-9138 3000 GT,10391,planting_point,corn,1,0,Golden Harvest,http://www.lonepineagservice.com/GH%20Seed%20Guide.pdf,
H-9138 3000Gt,6483,planting_point,corn,1,0,Golden Harvest,http://www.lonepineagservice.com/GH%20Seed%20Guide.pdf,
H-9341 3000GT,7173,planting_point,corn,1,0,Golden Harvest,http://www.lonepineagservice.com/GH%20Seed%20Guide.pdf,
H-9499,14524,planting_point,corn,1,0,Golden Harvest,http://www.lonepineagservice.com/GH%20Seed%20Guide.pdf,
H-9499 3000GT,4646,planting_point,corn,1,0,Golden Harvest,http://www.lonepineagservice.com/GH%20Seed%20Guide.pdf,
Nk 34-,4851,planting_point,soybean,0,1,Syngenta,,
P0832AMX,21575,planting_point,corn,1,0,Pioneer,,
P0832AMX,14765,yield_point,corn,1,0,Pioneer,,
Corn P0832,5270,yield_point,corn,1,0,Pioneer,,
P0945AMX,26334,planting_point,corn,1,0,Pioneer,,
P0945AMX,19356,yield_point,corn,1,0,Pioneer,,
Corn p0945,94,yield_point,corn,1,0,Pioneer,,
Corn P0945AMX,1159,yield_point,corn,1,0,Pioneer,,
P1197AMXT,21065,planting_point,corn,1,0,Pioneer,https://ca.pioneer.com/east/en/products/corn/product/p1197amxt/,
P1197,14956,yield_point,corn,1,0,Pioneer,https://ca.pioneer.com/east/en/products/corn/product/p1197amxt/,
P1197amx,1313,yield_point,corn,1,0,Pioneer,https://ca.pioneer.com/east/en/products/corn/product/p1197amxt/,
P1197AMXT,21919,yield_point,corn,1,0,Pioneer,https://ca.pioneer.com/east/en/products/corn/product/p1197amxt/,
P1215AM1,54463,planting_point,corn,1,0,Pioneer,,
P1215AM1,60860,yield_point,corn,1,0,Pioneer,,
Corn p1215,1440,yield_point,corn,1,0,Pioneer,,
P1221AMX,10404,planting_point,corn,1,0,Pioneer,,
P1257AMX,6418,planting_point,corn,1,0,Pioneer,,
P1257AMX,5957,yield_point,corn,1,0,Pioneer,,
P1311AMXT,41862,planting_point,corn,1,0,Pioneer,,
P1311AMXT,19857,yield_point,corn,1,0,Pioneer,,
P1311AMXT (AMXT|LL|R,46103,yield_point,corn,1,0,Pioneer,,
"P1311AMXT (AMXT,LL,R",46103,yield_point,corn,1,0,Pioneer,,
P1417AMX,13113,planting_point,corn,1,0,Pioneer,,
P1417AMX,11603,yield_point,corn,1,0,Pioneer,,
P1477W,21861,planting_point,corn,1,0,Pioneer,,
P1477W,47240,yield_point,corn,1,0,Pioneer,,
P34T07R2,78584,planting_point,soybean,0,1,Pioneer,,
P35t07,16197,yield_point,soybean,0,1,Pioneer,,
Pioneer,9588,planting_point,soybean,0,1,Pioneer,,
SOYBEANS,189046,yield_point,soybean,0,1,,,
S34-B2,15935,planting_point,soybean,0,1,Syngenta,,
S34-N3,15017,planting_point,soybean,0,1,Syngenta,http://www.syngenta-us.com/soybeans/nk/s34-n3,
S38-W4,2955,planting_point,soybean,0,1,Syngenta,http://www.syngenta-us.com/soybeans/nk/s38-w4,
S38-W4 CLARIVA,4673,planting_point,soybean,0,1,Syngenta,http://www.syngenta-us.com/soybeans/nk/s38-w4,
S39-U2,26079,planting_point,soybean,0,1,Syngenta,http://www.syngenta-us.com/soybeans/nk/s39-u2,
W7888,39159,planting_point,corn,1,0,Wyffels,http://www.wyffels.com/hybrids/detail/w7888rib/,http://www.wyffels.com/uploads/hybrid_datasheets/W7886RIB_W7888RIB_5.pdf
W7888,30948,yield_point,corn,1,0,Wyffels,http://www.wyffels.com/hybrids/detail/w7888rib/,
W7888RIB (SSTX-RIB),29546,yield_point,corn,1,0,Wyffels,http://www.wyffels.com/hybrids/detail/w7888rib/,
