﻿field_id,farm_name,field_name,year,corn,soybean,avg_yield_dry_corn,avg_yield_dry_soybean
32,Roos,Roos,2016,1,0,207.7,0
19,Logan 60,Logan S60,2016,1,0,231.5,0
14,Larry,Larrys East,2016,0,1,0,68.96
22,Walker Farm,Walker East Farm,2016,0,1,0,67.48
32,Roos,Roos,2015,0,1,0,74.43
19,Logan 60,Logan S60,2015,0,1,0,67.63
14,Larry,Larrys East,2015,1,0,217.41,0
22,Walker Farm,Walker East Farm,2015,1,0,199.68,0
32,Roos,Roos,2014,1,0,242.09,0
19,Logan 60,Logan S60,2014,1,0,225.44,0
14,Larry,Larrys East,2014,0,1,0,56.9
22,Walker Farm,Walker East Farm,2014,0,1,0,59.64
